module	median_M	median_S	delta_S_minus_M	p_CHB	median_LC	median_HC	delta_LC_minus_HC	p_HBVLC	direction_match
scfa_acetate	0.0012461155710831	0.0009706241864203	-0.0002754913846628	0.0097915120779696	1751.261275542857	2940.880122697143	-1189.6188471542862	0.0002958581036141	True
scfa_lactate_succinate	0.0015614440743321	0.0013216927946849	-0.0002397512796472	0.0275779915633285	2193.0304181675	3741.1392378	-1548.1088196325	0.0008834178728846	True
tryptophan_indole	0.0069615583625875	0.006398236025967	-0.0005633223366205	0.2241451540522022	14507.63604	15540.24065	-1032.6046100000003	0.1200273886725546	True
lps_lipidA	0.0013162861116167	0.0012072000561359	-0.0001090860554807	0.2874954188691684	3023.779794685714	2720.9558604857143	302.8239341999997	0.2471265379564298	False
scfa_butyrate	0.0003367178742795	0.0004262837675703	8.956589329072096e-05	0.5433269342132927	627.5490828666667	800.627913635	-173.07883076833332	0.2232939260089327	False
