module	median_M	median_S	delta_S_minus_M	p_CHB	median_LC	median_HC	delta_LC_minus_HC	p_HBVLC	direction_match
lps_lipidA	0.0105302888929337	0.0096576004490876	-0.0008726884438461	0.2874954188691684	3023.779794685714	2720.9558604857143	302.8239341999997	0.2471265379564298	False
scfa_acetate	0.0112150401397487	0.0087356176777833	-0.0024794224619653	0.0097915120779696	1751.261275542857	2940.880122697143	-1189.6188471542862	0.0002958581036141	True
scfa_butyrate	0.0023570251199571	0.0029839863729922	0.000626961253035	0.5433269342132927	627.5490828666667	800.627913635	-173.07883076833332	0.2232939260089327	False
scfa_lactate_succinate	0.0093686644459931	0.0079301567681096	-0.0014385076778835	0.0275779915633285	2193.0304181675	3741.1392378	-1548.1088196325	0.0008834178728846	True
tryptophan_indole	0.0139231167251751	0.012796472051934	-0.0011266446732411	0.2241451540522022	14507.63604	15540.24065	-1032.6046100000003	0.1200273886725546	True
