module	median_M	median_S	delta_S_minus_M	p	q
scfa_acetate	0.0012461155710831943	0.0009706241864203762	-0.0002754913846628181	0.009791512077969675	0.05874907246781805
scfa_lactate_succinate	0.001561444074332192	0.0013216927946849333	-0.00023975127964725876	0.027577991563328515	0.08273397468998554
tryptophan_indole	0.006961558362587565	0.006398236025967002	-0.0005633223366205628	0.22414515405220226	0.4482903081044045
bile_acids	0.0	0.0	0.0	0.31487864133641996	0.47231796200462994
lps_lipidA	0.0012021132195069052	0.0010812017780111993	-0.0001209114414957059	0.40331756510948324	0.4839810781313799
scfa_butyrate	0.000336717874279595	0.00042628376757031597	8.956589329072096e-05	0.5433269342132927	0.5433269342132927
