module	median_M	median_S	delta_S_minus_M	p	q
scfa_acetate	0.0012461155710831943	0.0009706241864203762	-0.0002754913846628181	0.009791512077969675	0.05874907246781805
scfa_lactate_succinate	0.001561444074332192	0.0013216927946849333	-0.00023975127964725876	0.027577991563328515	0.08273397468998554
bile_acids	0.0	0.0	0.0	0.31487864133641996	0.37785436960370394
tryptophan_indole	0.006961558362587565	0.006398236025967002	-0.0005633223366205628	0.22414515405220226	0.37785436960370394
lps_lipidA	0.0013162861116167235	0.0012072000561359542	-0.00010908605548076928	0.2874954188691684	0.37785436960370394
scfa_butyrate	0.000336717874279595	0.00042628376757031597	8.956589329072096e-05	0.5433269342132927	0.5433269342132927
